,atm_d,craftdroid_d,intersection,union
atm_d,,1.6645574203962502e-12,0.00040700765783974776,1.1487067473516699e-07
craftdroid_d,,,4.1008694384429915e-08,0.09638225324333155
intersection,,,,0.0005287103103794721
union,,,,
