,adaptdroid_a,atm_a,craftdroid_a,semfinder_a
adaptdroid_a,,2.102013484929299e-11,1.6165968815759423e-21,2.3619041641415245e-29
atm_a,,,0.3931079408553062,3.021663027833087e-14
craftdroid_a,,,,4.2169465427336897e-22
semfinder_a,,,,
