,bert,es,fast,glove,js,nnlm,use,w2v,wm
bert,,0.3187805652128851,0.10222627809128093,0.07703041373695649,0.26701461421216355,0.012464840262553891,0.0005568815541363397,0.0899380590928966,0.0006741477132975919
es,,,0.15187963950671912,0.15472493828582207,0.2795502032580884,0.028501333842880557,0.007529953530995975,0.20159008786162086,0.0032211989299266155
fast,,,,0.4012190619493612,0.3523862180510994,0.036072222103763936,0.0015137384067124514,0.40860665390582274,8.254726476136299e-05
glove,,,,,0.43077245551386834,0.03155993500332787,0.002680414920173881,0.4290829980781361,0.00011597346945507972
js,,,,,,0.05055792155306855,0.002801649033468239,0.3887183309298932,0.003105776247772298
nnlm,,,,,,,0.11030836498707358,0.036072222103763936,0.19822366128998148
use,,,,,,,,0.0011475214881791589,0.27178591187641904
w2v,,,,,,,,,7.358858519916984e-05
wm,,,,,,,,,
