,blogs,googleplay,manuals
blogs,,0.09541091364272469,0.3228017162230994
googleplay,,,0.047899513097954906
manuals,,,
