,bert,es,fast,glove,js,nnlm,use,w2v,wm
bert,,0.242724735280972,0.19815998722388023,0.18020813934914776,0.17777267120662593,0.004634546104002871,8.779636338117373e-05,0.26377725846166233,0.0002591533357314296
es,,,0.07354443988845455,0.04777758952481595,0.38861667269048716,0.0027776848363109843,3.480143824212838e-05,0.09893364375863734,8.087467783494731e-05
fast,,,,0.49619641747308807,0.024590111753286733,0.003333901738041827,4.906104216354304e-06,0.4030381527359446,1.699711091572456e-06
glove,,,,,0.02130319293492489,0.0030950391188297325,4.017635633727105e-06,0.3675034154771925,1.6388437410267167e-06
js,,,,,,0.00039428544184368753,3.7209705773004617e-05,0.033682567633025434,9.202096157685561e-06
nnlm,,,,,,,0.07868352351603902,0.0019006874750965583,0.3749122866679701
use,,,,,,,,2.5476278194215227e-06,0.07870020159780355
w2v,,,,,,,,,5.933357657605541e-07
wm,,,,,,,,,
