,adaptdroid_a,atm_a,craftdroid_a,semfinder_a
adaptdroid_a,,0.44636375625871577,2.1979225488999286e-05,1.3506410787367598e-22
atm_a,,,0.0048310639913464746,9.71673207613326e-16
craftdroid_a,,,,3.7418673848249807e-16
semfinder_a,,,,
