,blogs,googleplay,manuals
blogs,,0.12188074524725029,0.1292550746053106
googleplay,,,0.012304093545640573
manuals,,,
