,atm_d,craftdroid_d,intersection,union
atm_d,,6.019384641401762e-08,0.020925381844432885,1.4746702714905184e-06
craftdroid_d,,,6.982773328345531e-06,0.3689359530354791
intersection,,,,0.00010495595664505586
union,,,,
